markers,function,status,duration
"mva_ProcessPulseV14,vsts788755",test_RetrieveConfigurationMetadatabyRevisionID,passed,0.20750219999999997
"mva_ProcessPulseV14,vsts788736",test_RetrieveDataSourceMetadatabyDataSourceRevisionID_ASCII,passed,0.1905965999999999
"mva_ProcessPulseV14,vsts792448",test_RetrieveDataSourceMetadatabyDataSourceRevisionID_Batch,passed,0.1932566
"mva_ProcessPulseV14,vsts792447",test_RetrieveDataSourceMetadatabyDataSourceRevisionID_Eigen,passed,0.17455589999999988
"mva_ProcessPulseV14,vsts792445",test_RetrieveDataSourceMetadatabyDataSourceRevisionID_Empower,passed,0.1945737999999999
"mva_ProcessPulseV14,vsts792440",test_RetrieveDataSourceMetadatabyDataSourceRevisionID_GRAMS,passed,0.18585790000000002
"mva_ProcessPulseV14,vsts792444",test_RetrieveDataSourceMetadatabyDataSourceRevisionID_Image,passed,0.18803220000000032
"mva_ProcessPulseV14,vsts792449",test_RetrieveDataSourceMetadatabyDataSourceRevisionID_InvalidDataSourceID,failed,0.08936129999999975
"mva_ProcessPulseV14,vsts792441",test_RetrieveDataSourceMetadatabyDataSourceRevisionID_JCAMPDX,passed,0.1880474000000003
"mva_ProcessPulseV14,vsts792450",test_RetrieveDataSourceMetadatabyDataSourceRevisionID_NonexistingDataSource,failed,0.09691110000000025
"mva_ProcessPulseV14,vsts792442",test_RetrieveDataSourceMetadatabyDataSourceRevisionID_OPUS,passed,0.18205939999999998
"mva_ProcessPulseV14,vsts792446",test_RetrieveDataSourceMetadatabyDataSourceRevisionID_PI,passed,0.16704529999999984
"mva_ProcessPulseV14,vsts792443",test_RetrieveDataSourceMetadatabyDataSourceRevisionID_ZEISS,passed,0.2232839000000002
"mva_ProcessPulseV14,vsts787818",test_RetrieveListOfConfigurationRuns,failed,0.09858810000000018
"mva_ProcessPulseV14,vsts787809",test_RetrieveListOfConfigurations,passed,0.11474820000000019
"mva_ProcessPulseV14,vsts787805",test_RetrieveListOfDataSources,passed,0.11230399999999996
"mva_ProcessPulseV14,vsts787828",test_RetrieveListOfModels,failed,0.3159970000000003
"mva_ProcessPulseV14,vsts792456",test_RetrieveModelMetadatabyModelRevisionID_Batch,passed,0.10218799999999995
"mva_ProcessPulseV14,vsts792459",test_RetrieveModelMetadatabyModelRevisionID_InvalidModelRevisionID,failed,0.08424560000000003
"mva_ProcessPulseV14,vsts792452",test_RetrieveModelMetadatabyModelRevisionID_MCR,passed,0.1014248999999996
"mva_ProcessPulseV14,vsts792453",test_RetrieveModelMetadatabyModelRevisionID_MLR,passed,0.08650259999999932
"mva_ProcessPulseV14,vsts792460",test_RetrieveModelMetadatabyModelRevisionID_NonexistingModelRevisionID,failed,0.08252479999999984
"mva_ProcessPulseV14,vsts788731",test_RetrieveModelMetadatabyModelRevisionID_PCA,passed,0.08790549999999975
"mva_ProcessPulseV14,vsts792451",test_RetrieveModelMetadatabyModelRevisionID_PCR,passed,0.10258870000000009
"mva_ProcessPulseV14,vsts792454",test_RetrieveModelMetadatabyModelRevisionID_SIMCA,passed,0.08403200000000055
"mva_ProcessPulseV14,vsts792455",test_RetrieveModelMetadatabyModelRevisionID_SVR,passed,0.08936679999999964
"mva_ProcessPulseV14,vsts788343",test_RetrieveRawData_ConfigurationRunID,failed,0.3508216000000006
"mva_ProcessPulseV14,vsts788347",test_RetrieveRawData_OffsetandRows,failed,0.07462710000000072
"mva_ProcessPulseV14,vsts791982",test_ReturnCode401WrongAccessToken,passed,0.08415039999999951
"mva_ProcessPulseV14,vsts791965",test_ReturnCode401WrongPassword,failed,0.09747079999999997
"mva_ProcessPulseV14,vsts791785",test_ReturnCode401WrongUser,failed,0.10529250000000001
"mva_ProcessPulseV14,vsts790591",test_ReturnCode404,passed,0.09342749999999977
"mva_ProcessPulseV14,prueba1",test_pruebita,passed,0.14358139999999953
