id,TCS
tests/alert/test_get_alerts.py::TestListElements::test_get_acknowledge,VSTS587943
tests/alert/test_get_alerts.py::TestListElements::test_get_active,VSTS587965
tests/alert/test_get_alerts.py::TestListElements::test_get_alert,VSTS529766
tests/alert/test_get_alerts.py::TestListElements::test_get_all,VSTS587963
tests/alert/test_get_alerts.py::TestListElements::test_get_dates,VSTS529335
tests/alert/test_get_alerts.py::TestListElements::test_get_ids,VSTS529334
tests/alert/test_get_alerts.py::TestListElements::test_get_live_agent,VSTS587671
tests/alert/test_get_alerts.py::TestListElements::test_get_row_id,VSTS587646
tests/alert/test_get_alerts.py::TestListElements::test_get_tag_rankings,VSTS587668
tests/asset/test_get_asset.py::TestListElements::test_get_asset,VSTS587974
tests/asset/test_get_asset.py::TestListElements::test_get_asset_alerts,VSTS587989
tests/asset/test_get_asset.py::TestListElements::test_get_asset_id,VSTS587985
tests/asset/test_get_asset.py::TestListElements::test_get_asset_objects,VSTS587987
tests/asset/test_get_asset.py::TestListElements::test_get_live_agents,VSTS578331
tests/equipment_set/test_get_equipment.py::TestListElements::test_get_equipment,VSTS535687
tests/equipment_set/test_get_equipment.py::TestListElements::test_get_tag_references,VSTS587928
tests/home/test_get_home.py::TestListElements::test_data_base,VSTS587996
tests/home/test_get_home.py::TestListElements::test_licence,VSTS587998
tests/liveagent/test_get_liveagent.py::TestListElements::test_get_live_agent,VSTS534849
tests/liveagent/test_get_liveagent.py::TestListElements::test_get_live_agent_all,VSTS588005
tests/liveagent/test_get_liveagent.py::TestListElements::test_get_live_agent_cm,VSTS588007
tests/liveagent/test_get_liveagent.py::TestListElements::test_get_live_agent_ml,VSTS581688
tests/liveagent/test_get_liveagent.py::TestListElements::test_get_live_agent_pm,VSTS588009
tests/liveagent/test_get_liveagent.py::TestListElements::test_get_live_agent_rp,VSTS588010
tests/liveagent/test_get_liveagent.py::TestListElements::test_get_live_alerts,VSTS588210
tests/liveagent/test_get_liveagent.py::TestListElements::test_get_live_all_lead_time,VSTS588223
tests/liveagent/test_get_liveagent.py::TestListElements::test_get_live_lead_time,VSTS536019
tests/liveagent/test_get_liveagent.py::TestListElements::test_get_live_object,VSTS588211
tests/liveagent/test_get_liveagent.py::TestListElements::test_get_live_tags,VSTS588212
tests/liveagent/test_get_liveagent.py::TestListElements::test_live_agent_dates,VSTS588013
tests/liveagent/test_get_liveagent.py::TestListElements::test_live_agent_row,VSTS588209
tests/liveagent/test_get_liveagent.py::TestListElements::test_live_agents_ids,VSTS588015
tests/object/test_get_object.py::TestListElements::test_get_object_alerts,VSTS588613
tests/object/test_get_object.py::TestListElements::test_get_object_rowid,VSTS588608
tests/object/test_get_object.py::TestListElements::test_get_object_rowid_live_agents,VSTS578329
tests/object/test_get_object.py::TestListElements::test_get_object_rowid_parent,VSTS588610
tests/object/test_get_object.py::TestListElements::test_get_object_rowid_site,VSTS588611
tests/object/test_get_object.py::TestListElements::test_get_objects,VSTS534850
tests/object/test_get_object.py::TestListElements::test_get_objects_asset,VSTS588601
tests/object/test_get_object.py::TestListElements::test_get_objects_dates,VSTS588605
tests/object/test_get_object.py::TestListElements::test_get_objects_enterprise,VSTS588596
tests/object/test_get_object.py::TestListElements::test_get_objects_ids,VSTS588604
tests/object/test_get_object.py::TestListElements::test_get_objects_rowid_objects,VSTS588609
tests/object/test_get_object.py::TestListElements::test_get_objects_segment,VSTS588600
tests/object/test_get_object.py::TestListElements::test_get_objects_site,VSTS588599
tests/site/test_get_site.py::TestListElements::test_get_ids,VSTS588621
tests/site/test_get_site.py::TestListElements::test_get_row_alert,VSTS588625
tests/site/test_get_site.py::TestListElements::test_get_row_alert_liveagents,VSTS578105
tests/site/test_get_site.py::TestListElements::test_get_row_ids,VSTS588623
tests/site/test_get_site.py::TestListElements::test_get_row_objects,VSTS588624
tests/site/test_get_site.py::TestListElements::test_get_site,VSTS534851
tests/site/test_get_site.py::TestListElements::test_get_site_dates,VSTS588619
tests/tagrankings/test_get_tagrankings.py::TestListElements::test_get_alerts_ids,VSTS588627
tests/tagrankings/test_get_tagrankings.py::TestListElements::test_get_interval_of_dates,VSTS588628
tests/tagrankings/test_get_tagrankings.py::TestListElements::test_get_tag_rankings,VSTS534852
tests/workitems/test_get_workitems.py::TestListElements::test_get_work_ids,VSTS588629
tests/workitems/test_get_workitems.py::TestListElements::test_get_work_items,VSTS588632
test_my_api/alert/test_alert_my_api.py::TestListElements::test_get_alert,VSTS704371
test_my_api/apmv_string_mapping/test_string_mappring.py::TestListElements::test_get_mapping,VSTS704377
test_my_api/f_mecaItems/test_fmecaitems.py::TestListElements::test_get_fmecagroupsItems,VSTS704389
test_my_api/f_mecaItems/test_fmecaitems.py::TestListElements::test_get_fmecaitems,VSTS704378
test_my_api/home/test_home_status.py::TestListElements::test_status,VSTS704390
test_my_api/live_agent/test_liveagent.py::TestListElements::test_live_agent_get_live_agent,VSTS704391
test_my_api/mimosa_agents/test_mimosa_agents.py::TestListElements::test_live_agent_get_mimosa_agents,VSTS704395
test_my_api/object/test_object_my_api.py::TestListElements::test_get_Objects,VSTS704643
test_my_api/object/test_object_my_api.py::TestListElements::test_object_alerts_related,VSTS704638
test_my_api/sensor_trend/test_sensor_trend_cm_api.py::TestListElements::test_sensor_trend_cm,VSTS704647
test_my_api/sensor_trend/test_sensor_trend_rp_api.py::TestListElements::test_sensor_trend_rp,VSTS704646
test_my_api/system_connection/test_SystemConnection_my_api.py::TestListElements::test_get_sconnectionById,VSTS704648
test_my_api/system_connection/test_SystemConnection_my_api.py::TestListElements::test_system_connection_get_all,VSTS706933
test_my_api/tag_rankings/test_tag_rankings_my_api.py::TestListElements::test_get_tag_rankings,VSTS706934
test_my_api/widget_iframe/test_WidgetIframe_my_api.py::TestListElements::test_get_Widgetiframe,VSTS704649
test_my_api/work_item/test_workitems_my_api.py::TestListElements::test_get_workitems,VSTS704650
